Workbook

Sheet Raw material
C2: Crystal Forte | D2: Crystal Clear | E2: Crystal Gain | F2: Crystal De-lime | G2: Crystal Dip | H2: Crystal Degreaser EX | I2: Crystal Grill | J2: Crystal Silver | K2: Crystal Stainless | L2: Crystal Decho | M2: Crystal Drain | N2: Crystal Quat | O2: Crystal Bright | P2: Crystal Sani Gain | Q2: Crystal Surfaces | R2: Crystal Sanidet | S2: Crystal lime | T2: Crystal Alcosan | U2: Magic light | V2: Magic Neutral | W2: Safe Boost | X2: Safe Alkazol | Y2: Safe oilgo | Z2: Safe Essential | AA2: Safe Complete | AB2: Safe color | AC2: Safe Bleach | AD2: Safe Oxygen | AE2: Safe white | AF2: Safe Sour | AG2: Safe Prime | AH2: Safe Rust | AI2: Safe Actifos | AJ2: Safe Oilaway | AK2: Safe Iron Blaster | AL2: Safe Echo Forte | AM2: Safe Force | AN2: Safe Intense new | AO2: Safe Neutra Soft | AP2: Safe Advance | AQ2: Safe Echo | AR2: Safe breeze | AS2: Safe All | AT2: Safe Starch | AU2: Touch Handbac | AV2: Touch foam | AW2: Touch Botanic Shampoo and Body 2x5 | AX2: Touch Botanic H&B Head and Body 12x500 ml | AY2: Touch Botanic Hand & Face | AZ2: Touch Peach | BA2: Touch Adams | BB2: Touch Soft | BC2: Touch Botanic | BD2: Touch Alcodis | BE2: Touch lavander hand and face | BF2: Touch lavender shampoo and body | BG2: Touch pearl | BH2: Touch Foam Bac | BI2: Care Alco Gel | BJ2: Care Alcodis | BK2: Care Sani Gel | BL2: Speed Toilet S1 | BM2: Speed Toilet S1 Conc | BN2: Speed Multi S2 | BO2: Speed Multi S2 Conc | BP2: Speed Glass S3 | BQ2: Speed Glass S3 Conc | BR2: Speed Furniture S4 | BS2: Speed Fresh S5 | BT2: Speed Fresh S5 Conc | BU2: Speed Flush S6 | BV2: Speed Scouring S7 | BW2: Speed Ketle S8 | BX2: Speed Hygenic breeze | BY2: way extract | BZ2: way foam | CA2: way lime | CB2: Way Force | CC2: way auto best | CD2: way best | CE2: way strip | CF2: way polish | CG2: Fabic NL 556 | CH2: Fabic CL 139T | CI2: Fabic KL574F | CJ2: Fabic DL144Q | CK2: Total
A3: Itemcode | B3: Trade Name | C3: 0 | D3: 3 | E3: 5 | F3: 2 | G3: 1 | H3: 1 | I3: 4 | K3: 0.5 | L3: 1 | M3: 3 | N3: 1 | P3: 1 | V3: 1 | X3: 1 | AA3: 2 | AB3: 0 | AD3: 3 | AE3: 1 | AG3: 1 | AI3: 1 | AJ3: 1 | AN3: 1 | AU3: 1 | AY3: 0.5 | AZ3: 1 | BJ3: 1 | BP3: 0.5 | BR3: 0.5 | BS3: 0.5 | BU3: 0.5 | BV3: 1 | BX3: 2 | BY3: 0.5 | CA3: 1 | CB3: 1 | CG3: 1 | CH3: 3 | CJ3: 0.12
A4: ERM00003 | B4: DYE BLUE (CI 42051) (Acid Blue 3) | D4: =0.02*D3 -> 0.06 | Q4: =Q3*0.005 -> 0 | AY4: =AY3*0.0015 -> 0.00075 | BA4: =BA3*0.004 -> 0 | BG4: =BG3*0.004 -> 0 | BP4: =0.0036*BP3 -> 0.0018 | BQ4: =BQ3*0.0144 -> 0 | BX4: =0.018*BX3 -> 0.036 | CK4: =SUM(C4:CJ4) -> 0.09855
A5: ERM00004 | B5: LUTENSOL A07 / GALAXY MW257 | J5: =J3*20 -> 0 | Y5: =Y3*525 -> 0 | Z5: =Z3*202.5 -> 0 | AJ5: =640*AJ3 -> 640 | AP5: =AP3*47.1 -> 0 | BR5: =BR3*20 -> 10 | CE5: =CE3*17 -> 0 | CK5: =SUM(C5:CJ5) -> 650
A6: ERM00005 | B6: DYE BLUE (CI 61585) (Acid Blue 80) | P6: =P3*0.06 -> 0.06 | BL6: =BL3*0.08 -> 0 | BM6: =BM3*0.32 -> 0 | BN6: =BN3*0.028 -> 0 | BO6: =BO3*0.112 -> 0 | BU6: =BU3*0.2 -> 0.1 | CC6: =CC3*0.0056 -> 0 | CK6: =SUM(C6:CJ6) -> 0.16
A7: ERM00007 | B7: DYE BLUE (CI 42090) (Acid Blue 9) (40%) | AO7: =AO3*0.017 -> 0 | BE7: =BE3*0.003 -> 0 | BF7: =BF3*0.003 -> 0 | CK7: =SUM(C7:CJ7) -> 0
A8: ERM00008 | B8: LUTENSOL A03 - GALAXY MW 253 | Y8: =Y3*105 -> 0 | Z8: =Z3*67.5 -> 0 | BN8: =BN3*5 -> 0 | BO8: =BO3*20 -> 0 | CK8: =SUM(C8:CJ8) -> 0
A9: ERM00009 | B9: MONOTROP 1620 | H9: =H3*20 -> 20 | I9: =40*I3 -> 160 | CK9: =SUM(C9:CJ9) -> 180
A10: ERM00010 | B10: DYE YELLOW (CI 19140) (Acid Yellow 23) | E10: =E3*0.06 -> 0.3 | P10: =P3*0.2 -> 0.2 | Q10: =Q3*0.04 -> 0 | U10: =0.06*U3 -> 0 | AY10: =AY3*0.004 -> 0.002 | BN10: =BN3*0.02 -> 0 | BO10: =BO3*0.08 -> 0 | CG10: =CG3*0.06 -> 0.06 | CK10: =SUM(C10:CJ10) -> 0.562
A11: ERM00013 | B11: GENAPOL BE 2810 - DEHYPON LT 104 | M11: =11*M3 -> 33 | CK11: =SUM(C11:CJ11) -> 33
A12: ERM00014 | B12: LUTENSOL TO129 | Q12: =Q3*45 -> 0 | AM12: =AM3*30 -> 0 | CB12: =CB3*54 -> 54 | CK12: =SUM(C12:CJ12) -> 54
A13: ERM00015 | B13: LUTENSOL TO8 | P13: =P3*110 -> 110 | Q13: =Q3*120 -> 0 | R13: =R3*120 -> 0 | BN13: =BN3*20 -> 0 | BO13: =BO3*80 -> 0 | BX13: =80*BX3 -> 160 | CA13: =60*CA3 -> 60 | CC13: =CC3*60 -> 0 | CK13: =SUM(C13:CJ13) -> 330
A14: ERM00017 | B14: PLURAFAC LF221 - 100% - DOWFAX 20B102 | D14: =114.24*D3 -> 342.72 | F14: =8*F3 -> 16 | S14: =8*S3 -> 0 | BW14: =BW3*4 -> 0 | BY14: =BY3*128 -> 64 | CC14: =CC3*60 -> 0 | CK14: =SUM(C14:CJ14) -> 422.72
A15: ERM00018 | B15: EMPIGEN BSF/A | V15: =V3*40 -> 40 | AN15: =160*AN3 -> 160 | AW15: =AW3*190 -> 0 | AX15: =AX3*190 -> 0 | AY15: =AY3*80 -> 40 | AZ15: =AZ3*32 -> 32 | BA15: =BA3*190 -> 0 | BB15: =BB3*80 -> 0 | BC15: =190*BC3 -> 0 | BE15: =BE3*80 -> 0 | BF15: =BF3*190 -> 0 | CK15: =SUM(C15:CJ15) -> 272
A16: ERM00019 | B16: EMPIGEN BAC 50 - BTC 50% | R16: =R3*280 -> 0 | BD16: =BD3*4 -> 0 | BN16: =BN3*19.6 -> 0 | BO16: =BO3*78.4 -> 0 | CK16: =SUM(C16:CJ16) -> 0
A17: ERM00020 | B17: NANSA SSA/U - MARLON AS3 | E17: =E3*80 -> 400 | H17: =H3*26 -> 26 | P17: =P3*205.8 -> 205.8 | Q17: =Q3*25 -> 0 | U17: =120*U3 -> 0 | V17: =V3*60 -> 60 | Z17: =Z3*21 -> 0 | AM17: =AM3*120 -> 0 | AP17: =AP3*151.5 -> 0 | BV17: =BV3*40 -> 40 | CB17: =CB3*120 -> 120 | CG17: =CG3*129.4 -> 129.4 | CK17: =SUM(C17:CJ17) -> 981.2
A18: ERM00021 | B18: BAYHIBIT AM - SEQUEST 700A - CUBLEN P50 - CONNECT PBTC | W18: =W3*20 -> 0 | AC18: =AC3*10 -> 0 | CK18: =SUM(C18:CJ18) -> 0
A19: ERM00023 | B19: ELTESOL SC40 - STEPANATE SCS 40 | D19: =30*D3 -> 90 | CC19: =CC3*10 -> 0 | CI19: =CI3*108 -> 0 | CK19: =SUM(C19:CJ19) -> 90
A20: ERM00024 | B20: SILICONE EMULSION - LE 46 - RHODOSIL E1P | BR20: =BR3*200 -> 100 | CK20: =SUM(C20:CJ20) -> 100
A21: ERM00025 | B21: PRIFAC 7908 - PALMERA B1220 - EDENOR PK 12-18 GA | CK21: =SUM(C21:CJ21) -> 0
A22: ERM00027 | B22: EMPIGEN OB/EB - AMMONYX LO | CI22: =CI3*92 -> 0 | CK22: =SUM(C22:CJ22) -> 0
A23: ERM00028 | B23: TINOPAL CBS-X - CF-351 | Y23: =Y3*4.5 -> 0 | Z23: =Z3*13.5 -> 0 | AJ23: =4.4*AJ3 -> 4.4 | AM23: =AM3*4 -> 0 | AN23: =6*AN3 -> 6 | AP23: =AP3*1.3 -> 0 | CK23: =SUM(C23:CJ23) -> 10.4
A24: ERM00029 | B24: PERFUME AR 621591 ALDEHYDE COMPOUND SPR MLT LPV - OZONIC MULTI - (GC2465) | AA24: =1.25*AA3 -> 2.5 | AL24: =AL3*1.25 -> 0 | AP24: =AP3*6.14 -> 0 | BY24: =BY3*12 -> 6 | BZ24: =BZ3*10 -> 0 | CC24: =CC3*3 -> 0 | CD24: =CD3*2 -> 0 | CK24: =SUM(C24:CJ24) -> 8.5
A25: ERM00030 | B25: GENAMINE CS302D - ARMEEN 2MCD - EMBIGEN AB/E - NORAM DMCD | CK25: =SUM(C25:CJ25) -> 0
A26: ERM00031 | B26: STEPANTEX VK 90 - NOXAMIUM 920A - CAFLON EQ90 / eterol 100 | AG26: =AG3*40 -> 40 | AO26: =AO3*40 -> 0 | AR26: =AR3*40 -> 0 | CK26: =SUM(C26:CJ26) -> 40
A27: ERM00032 | B27: MAGNESIUM SULPHATE 7H20- EPSOM | G27: =G3*10 -> 10 | AB27: =AB3*10 -> 0 | CG27: =CG3*40 -> 40 | CK27: =SUM(C27:CJ27) -> 50
A28: ERM00033 | B28: DOWANOL DPM - SOLVENON DPM - ARCOSOLV DPM | I28: =80*I3 -> 320 | K28: =K3*(10*2) -> 10 | BP28: =20*BP3 -> 10 | BQ28: =BQ3*80 -> 0 | BR28: =BR3*40 -> 20 | CK28: =SUM(C28:CJ28) -> 360
A29: ERM00034 | B29: 2-ETHYL HEXANOIC ACID | CK29: =SUM(C29:CJ29) -> 0
A30: ERM00035 | B30: TRILON M LIQUID | H30: =H3*46 -> 46 | CK30: =SUM(C30:CJ30) -> 46
A31: ERM00039 | B31: ADDITIVE CL11 - SILWET L-7002 - SP3300 | CK31: =SUM(C31:CJ31) -> 0
A32: ERM00040 | B32: ACCUSOL 445 - SOKALAN PA 25 | W32: =W3*40 -> 0 | BV32: =BV3*2 -> 2 | CK32: =SUM(C32:CJ32) -> 2
A33: ERM00043 | B33: CITRIC ACID MONO | D33: =1.2*D3 -> 3.6 | E33: =E3*2 -> 10 | J33: =58*J3 -> 0 | R33: =R3*100 -> 0 | U33: =2*U3 -> 0 | V33: =V3*2 -> 2 | Y33: =Y3*7.5 -> 0 | AH33: =AH3*300 -> 0 | AO33: =AO3*65.6 -> 0 | AU33: =AU3*1.6 -> 1.6 | AV33: =AV3*1.6 -> 0 | AW33: =AW3*2 -> 0 | AX33: =AX3*2 -> 0 | AY33: =AY3*1.6 -> 0.8 | AZ33: =AZ3*2 -> 2 | BA33: =BA3*2 -> 0 | BB33: =BB3*1.6 -> 0 | BC33: =2*BC3 -> 0 | BE33: =BE3*1.6 -> 0 | BF33: =BF3*2 -> 0 | BG33: =BG3*1.6 -> 0 | BH33: =BH3*1.6 -> 0 | BL33: =BL3*80 -> 0 | BM33: =BM3*320 -> 0 | BN33: =BN3*6.5 -> 0 | BO33: =BO3*26 -> 0 | CC33: =CC3*1.6 -> 0 | CG33: =CG3*4.6 -> 4.6 | CK33: =SUM(C33:CJ33) -> 24.6
A34: ERM00049 | B34: POTASSIUM SORBATE | D34: =4*D3 -> 12 | CK34: =SUM(C34:CJ34) -> 12
A35: ERM00053 | B35: TRILON B87% | C35: =C3*60 -> 0 | Q35: =Q3*50 -> 0 | T35: =T3*1 -> 0 | AM35: =AM3*43.4 -> 0 | CB35: =CB3*41 -> 41 | CE35: =CE3*23 -> 0 | CK35: =SUM(C35:CJ35) -> 41
A36: ERM00056 | B36: DEQUEST 2010 - CODEX 661 - CUBLEN K60 - CONNECT HEDP | C36: =C3*12 -> 0 | AA36: =2*AA3 -> 4 | AL36: =AL3*2 -> 0 | CK36: =SUM(C36:CJ36) -> 4
A37: ERM00057 | B37: DEQUEST 2000 - CONNECT ATMP | AM37: =AM3*4 -> 0 | AN37: =20*AN3 -> 20 | CB37: =CB3*4 -> 4 | CK37: =SUM(C37:CJ37) -> 24
A38: ERM00064 | B38: DYE ORANGE (CI 15985) (Food Yellow 3) | AZ38: =AZ3*0.1 -> 0.1 | BW38: =BW3*0.1 -> 0 | CK38: =SUM(C38:CJ38) -> 0.1
A39: ERM00066 | B39: DYE YELLOW (CI 18965) (Acid Yellow 17) | CK39: =SUM(C39:CJ39) -> 0
A40: ERM00068 | B40: DYE RED (CI 45100) (Acid Red 52) | BE40: =BE3*0.0014 -> 0 | BF40: =BF3*0.0023 -> 0 | CA40: =0.006*CA3 -> 0.006 | CK40: =SUM(C40:CJ40) -> 0.006
A41: ERM00069 | B41: DYE RED (CI 16185) (Acid Red 27) | R41: =R3*0.1 -> 0 | CK41: =SUM(C41:CJ41) -> 0
A42: ERM00070 | B42: DYE RED (CI 14720) (Acid Red 14) | BS42: =BS3*0.018 -> 0.009 | BT42: =BT3*0.072 -> 0 | CK42: =SUM(C42:CJ42) -> 0.009
A43: ERM00081 | B43: ARQUAD 2. 10-80 | N43: =100*N3 -> 100 | T43: =T3*0.126 -> 0 | BN43: =BN3*12.3 -> 0 | BO43: =BO3*49.2 -> 0 | CK43: =SUM(C43:CJ43) -> 100
A44: ERM00082 | B44: ARQUAD T-50HFP | BL44: =BL3*48 -> 0 | BM44: =BM3*216 -> 0 | BU44: =BU3*50 -> 25 | CK44: =SUM(C44:CJ44) -> 25
A45: ERM00084 | B45: DOWANOL PNP - ARCOSOLV PNP | CK45: =SUM(C45:CJ45) -> 0
A46: ERM00085 | B46: TRISODIUM CITRATE Med N 1560 | BY46: =BY3*60 -> 30 | CK46: =SUM(C46:CJ46) -> 30
A47: ERM00090 | B47: ELTESOL SX40 - STEPANATE SXS E | BL47: =BL3*27 -> 0 | BM47: =BM3*120 -> 0 | BU47: =BU3*28.125 -> 14.0625 | BY47: =BY3*117.6 -> 58.8 | CE47: =CE3*160 -> 0 | CK47: =SUM(C47:CJ47) -> 72.8625
A48: ERM00092 | B48: DYE RED (CI 16255) (Acid Red 18) | CK48: =SUM(C48:CJ48) -> 0
A49: ERM00093 | B49: Dye Blue (CI 74180) - Direct Blue 86 | CK49: =SUM(C49:CJ49) -> 0
A50: ERM00095 | B50: MACKAM DP-122 | CK50: =SUM(C50:CJ50) -> 0
A51: ERM00102 | B51: SALCARE SC 10 - MIRAPOL 550E | AV51: =AV3*10 -> 0 | BG51: =BG3*10 -> 0 | BH51: =BH3*10 -> 0 | CK51: =SUM(C51:CJ51) -> 0
A52: ERM00104 | B52: EMAL 270D - TEXAPON 70 - NATEROL N70 | E52: =E3*140 -> 700 | H52: =H3*17 -> 17 | J52: =J3*28 -> 0 | U52: =40*U3 -> 0 | V52: =V3*40 -> 40 | AM52: =AM3*104 -> 0 | AU52: =AU3*180 -> 180 | AV52: =AV3*135 -> 0 | AW52: =AW3*220 -> 0 | AX52: =AX3*220 -> 0 | AY52: =AY3*160 -> 80 | AZ52: =AZ3*109.2 -> 109.2 | BA52: =BA3*220 -> 0 | BB52: =BB3*140 -> 0 | BC52: =220*BC3 -> 0 | BE52: =BE3*160 -> 0 | BF52: =BF3*220 -> 0 | BG52: =BG3*135 -> 0 | BH52: =BH3*135 -> 0 | BP52: =4*BP3 -> 2 | BQ52: =BQ3*16 -> 0 | BX52: =43*BX3 -> 86 | BZ52: =BZ3*106.4 -> 0 | CB52: =CB3*104 -> 104 | CG52: =CG3*57.2 -> 57.2 | CI52: =CI3*33 -> 0 | CK52: =SUM(C52:CJ52) -> 1375.4
A53: ERM00105 | B53: AKYPO SAL 2010S - EMPIPEARL XA 500 - EUPERLAN PK 300 OK | AW53: =AW3*18 -> 0 | AX53: =AX3*18 -> 0 | AZ53: =AZ3*10 -> 10 | BA53: =BA3*18 -> 0 | BB53: =BB3*6 -> 0 | BC53: =18*BC3 -> 0 | BF53: =BF3*18 -> 0 | BG53: =BG3*21 -> 0 | CK53: =SUM(C53:CJ53) -> 10
A54: ERM00110 | B54: EMPILAN 2502 (80%) | Z54: =Z3*19.5 -> 0 | AU54: =AU3*50 -> 50 | AV54: =AV3*40 -> 0 | BG54: =BG3*40 -> 0 | BH54: =BH3*40 -> 0 | BV54: =BV3*60 -> 60 | BZ54: =BZ3*60 -> 0 | CC54: =CC3*6 -> 0 | CD54: =CD3*2 -> 0 | CK54: =SUM(C54:CJ54) -> 110
A55: ERM00111 | B55: GLYDANT LTD (55%) | AU55: =AU3*6 -> 6 | AV55: =AV3*6 -> 0 | AY55: =AY3*6 -> 3 | BB55: =BB3*6 -> 0 | BE55: =BE3*6 -> 0 | BG55: =BG3*6 -> 0 | BH55: =BH3*6 -> 0 | CK55: =SUM(C55:CJ55) -> 9
A56: ERM00115 | B56: IRGASAN DP 300 - TRICLORAL 300 | BH56: =BH3*6 -> 0 | CK56: =SUM(C56:CJ56) -> 0
A57: ERM00117 | B57: HMA | CA57: =0.11*CA3 -> 0.11 | CK57: =SUM(C57:CJ57) -> 0.11
A58: ERM00118 | B58: POTASSIUM PERMANGANATE | CK58: =SUM(C58:CJ58) -> 0
A59: ERM00119 | B59: GLYCERIN 99.5% | AP59: =AP3*89.44 -> 0 | AU59: =AU3*2 -> 2 | AV59: =AV3*10 -> 0 | AW59: =AW3*60 -> 0 | AX59: =AX3*60 -> 0 | AY59: =AY3*10 -> 5 | BA59: =BA3*60 -> 0 | BB59: =BB3*2 -> 0 | BC59: =60*BC3 -> 0 | BD59: =BD3*3.527 -> 0 | BE59: =BE3*10 -> 0 | BF59: =BF3*60 -> 0 | BG59: =BG3*10 -> 0 | BH59: =BH3*10 -> 0 | BI59: =20*BI3 -> 0 | BJ59: =BJ3*3.52 -> 3.52 | BK59: =BK3*20 -> 0 | CK59: =SUM(C59:CJ59) -> 10.52
A60: ERM00122 | B60: TRIETHANOLAMINE (99%) | BI60: =1.65*BI3 -> 0 | BK60: =BK3*1.65 -> 0 | CK60: =SUM(C60:CJ60) -> 0
A61: ERM00125 | B61: PLURAFAC LF403 - DOWFAX 20A42 | D61: =38.4*D3 -> 115.2 | AA61: =25*AA3 -> 50 | AJ61: =200*AJ3 -> 200 | CK61: =SUM(C61:CJ61) -> 365.2
A62: ERM00137 | B62: TOTALCHLOR 56 COARSE / neochlor 55mg/sdic 56% medium | L62: =60.4*L3 -> 60.4 | O62: =O3*40 -> 0 | AE62: =144*AE3 -> 144 | CK62: =SUM(C62:CJ62) -> 204.4
A63: ERM00143 | B63: PLURAFAC LF431 | AQ63: =AQ3*10 -> 0 | CK63: =SUM(C63:CJ63) -> 0
A64: ERM00144 | B64: PLURAFAC LF401 | AS64: =AS3*5 -> 0 | CD64: =CD3*120 -> 0 | CK64: =SUM(C64:CJ64) -> 0
A65: ERM00145 | B65: SOKALAN CP5 GRANULES | AA65: =10*AA3 -> 20 | AQ65: =AQ3*4.5 -> 0 | AS65: =AS3*4.5 -> 0 | CK65: =SUM(C65:CJ65) -> 20
A66: ERM00148 | B66: CARBOPOL 941 POLYMER | BI66: =6.6*BI3 -> 0 | BK66: =BK3*6.6 -> 0 | CK66: =SUM(C66:CJ66) -> 0
A67: ERM00152 | B67: TINOPAL DMA-X / OPTIBLANC NC | AA67: =1.5*AA3 -> 3 | AL67: =AL3*1.5 -> 0 | AQ67: =AQ3*2.5 -> 0 | AS67: =AS3*2.5 -> 0 | CK67: =SUM(C67:CJ67) -> 3
A68: ERM00154 | B68: DEQUEST 2047 | AQ68: =AQ3*3.5 -> 0 | AS68: =AS3*3.5 -> 0 | CK68: =SUM(C68:CJ68) -> 0
A69: ERM00159 | B69: SODUM TRISILICATE 84% - POWDER | G69: =G3*47.2 -> 47.2 | O69: =O3*20 -> 0 | AA69: =50*AA3 -> 100 | AL69: =AL3*50 -> 0 | AS69: =AS3*50 -> 0 | CK69: =SUM(C69:CJ69) -> 147.2
A70: ERM00162 | B70: GLYCOLIC ACID 70E | BW70: =BW3*68.8 -> 0 | CK70: =SUM(C70:CJ70) -> 0
A71: ERM00165 | B71: BEROL OX 91-8 / NEODOL91-8 | BL71: =BL3*10 -> 0 | BM71: =BM3*40 -> 0 | BQ71: =BQ3*15 -> 0 | BS71: =BS3*24 -> 12 | BT71: =BT3*96 -> 0 | CK71: =SUM(C71:CJ71) -> 12
A72: ERM00166 | B72: PERFUME SPRING FLOWER MATCH AR682767 k94446 | BL72: =BL3*3.2 -> 0 | BM72: =BM3*12.8 -> 0 | BN72: =BN3*1.6 -> 0 | BO72: =BO3*6.4 -> 0 | BP72: =1.4*BP3 -> 0.7 | BQ72: =BQ3*5.6 -> 0 | BR72: =BR3*4 -> 2 | BS72: =BS3*8 -> 4 | BT72: =BT3*32 -> 0 | BU72: =BU3*2 -> 1 | CK72: =SUM(C72:CJ72) -> 7.7
A73: ERM00168 | B73: PERFUME SILK AND ORCHID AR345454 | CK73: =SUM(C73:CJ73) -> 0
A74: ERM00169 | B74: PERFUME FLORAL GARDEN FABCON AR345400 | Q74: =Q3*2 -> 0 | CK74: =SUM(C74:CJ74) -> 0
A75: ERM00170 | B75: PERFUME CITRUS PINE AR339135 | BV75: =BV3*2 -> 2 | CK75: =SUM(C75:CJ75) -> 2
A76: ERM00171 | B76: PERFUME APRIL FRESH AR345398 | AG76: =AG3*24 -> 24 | AO76: =AO3*16 -> 0 | AR76: =AR3*24 -> 0 | CK76: =SUM(C76:CJ76) -> 24
A77: ERM00172 | B77: PERFUME FLORAL FRESH MOD AR819859 | BX77: =60*BX3 -> 120 | CK77: =SUM(C77:CJ77) -> 120
A78: ERM00173 | B78: PERFUME NEVENA AR345483 | AV78: =AV3*1.2 -> 0 | BG78: =BG3*2 -> 0 | CK78: =SUM(C78:CJ78) -> 0
A79: ERM00174 | B79: Perfume Fantastic Lemon - Lime AR846348 | E79: =E3*1 -> 5 | U79: =0.5*U3 -> 0 | CK79: =SUM(C79:CJ79) -> 5
A80: ERM00176 | B80: IODINE PRILLS | CK80: =SUM(C80:CJ80) -> 0
A81: ERM00177 | B81: SORBITOL 70 | CK81: =SUM(C81:CJ81) -> 0
A82: ERM00181 | B82: EMULAN A | CK82: =SUM(C82:CJ82) -> 0
A83: ERM00182 | B83: SALICYLIC ACID | P83: =P3*20 -> 20 | CK83: =SUM(C83:CJ83) -> 20
A84: ERM00184 | B84: WAX EMULSION | BR84: =BR3*100 -> 50 | CK84: =SUM(C84:CJ84) -> 50
A85: ERM00185 | B85: ACRYLIC FLOOR POLISH | CF85: =CF3*2000 -> 0 | CK85: =SUM(C85:CJ85) -> 0
A86: ERM00188 | B86: SILICONE FLUID 350 - WACKER AK350 | BR86: =BR3*20 -> 10 | CK86: =SUM(C86:CJ86) -> 10
A87: ERM00189 | B87: SILICONE 1000 - DOMAROL DM1000 | BR87: =BR3*40 -> 20 | CK87: =SUM(C87:CJ87) -> 20
A88: ERM00190 | B88: PERFUME LAVENDER BOTANIC AR387970 | BE88: =BE3*6 -> 0 | BF88: =BF3*6 -> 0 | CK88: =SUM(C88:CJ88) -> 0
A89: ERM00191 | B89: PERFUME COTTON BOTANIC AR387971 | AY89: =AY3*6 -> 3 | AZ89: =AW3*6 -> 0 | BC89: =6*BC3 -> 0 | CK89: =SUM(C89:CJ89) -> 3
A90: ERM00193 | B90: COSMOROL GQ6 | BF90: =BF3*2 -> 0 | CK90: =SUM(C90:CJ90) -> 0
A91: ERM00196 | B91: PERFUME FRESH AROMACORE AR399750 | AG91: =AG3*4 -> 4 | CK91: =SUM(C91:CJ91) -> 4
A92: ERM00197 | B92: PERFUME INFINITY AR404669 | BA92: =BA3*6 -> 0 | CK92: =SUM(C92:CJ92) -> 0
A93: ERM00198 | B93: PERFUME MISS GABRIELLE AR404671 | CK93: =SUM(C93:CJ93) -> 0
A94: ERM00202 | B94: SODIUM SILICOFLUORIDE | CK94: =SUM(C94:CJ94) -> 0
A95: ERM00204 | B95: KENCIDE C70 - (ACTIVA 2112) | E95: =E3*2 -> 10 | Q95: =Q3*2 -> 0 | U95: =2*U3 -> 0 | V95: =V3*2 -> 2 | Z95: =Z3*2 -> 0 | AG95: =AG3*1.6 -> 1.6 | AR95: =AR3*1.6 -> 0 | AZ95: =AZ3*1 -> 1 | BR95: =BR3*2.4 -> 1.2 | BS95: =BS3*1 -> 0.5 | BT95: =BT3*4 -> 0 | BV95: =BV3*2 -> 2 | BY95: =BY3*1.6 -> 0.8 | BZ95: =BZ3*1 -> 0 | CC95: =CC3*1 -> 0 | CD95: =CD3*1 -> 0 | CG95: =CG3*2 -> 2 | CK95: =SUM(C95:CJ95) -> 21.1
A96: ERM00207 | B96: PERFUME PROFAROL JA211 JASMINE | CK96: =SUM(C96:CJ96) -> 0
A97: ERM00208 | B97: PERFUME PROFAROL 14822 LAVENDER | CK97: =SUM(C97:CJ97) -> 0
A98: ERM00209 | B98: PERFUME PROFAROL PA10368 FOLL | CK98: =SUM(C98:CJ98) -> 0
A99: ERM00210 | B99: PERFUME PROFAROL 14821 WHITE MUSK | CK99: =SUM(C99:CJ99) -> 0
A100: ERM00211 | B100: EMAROL 20 (SORBITAM MONOLAUREATE) | CK100: =SUM(C100:CJ100) -> 0
A101: ERM00212 | B101: PERFUME PEACH CALIFORNIA G507226 | AZ101: =AZ3*2 -> 2 | CK101: =SUM(C101:CJ101) -> 2
...

Sheet Inventory
C1: Have | D1: Total | E1: Sub | J1: MONOTROP | K1: LUTENSOL TO8 | L1: SILICONE LE 46 | M1: PINK SPECKLES | N1: ELTESOL SX40 | O1: PER FLORAL FRESH | P1: SALICYLIC ACID | Q1: IPA | R1: HYDROGEN PEROXIDE (50%) | S1: SODUM SILICATE NA5 | T1: WHITE MINERAL OIL | U1: ProtectolGA 50 | V1: Nitric Acid 55%
A2: Itemcode | B2: Trade Name | C2: Have | D2: Total Need | E2: SOH | H2: Crystal Forte | I2: {=TRANSPOSE('Raw material'!C3:CI3)} -> 0
A3: ERM00003 | B3: DYE BLUE (CI 42051) (Acid Blue 3) | C3: 1.917 | D3: ='Raw material'!CK4 -> 0.09855 | E3: =C3-D3 -> 1.81845 | H3: Crystal Clear | I3: 3
A4: ERM00004 | B4: LUTENSOL A07 / GALAXY MW257 | C4: 2424 | D4: ='Raw material'!CK5 -> 650 | E4: =C4-D4 -> 1774 | H4: Crystal Gain | I4: 5 | AC4: No | AD4: Batch | AE4: Hold | AF4: Can do | AG4: Total | AH4: Raw Material
A5: ERM00005 | B5: DYE BLUE (CI 61585) (Acid Blue 80) | C5: 2.4 | D5: ='Raw material'!CK6 -> 0.16 | E5: =C5-D5 -> 2.24 | H5: Crystal De-lime | I5: 2 | AC5: 1 | AD5: Grill | AE5: =AF5-AG5 -> -1 | AF5: 3 | AG5: 4 | AH5: Monotrop
A6: ERM00007 | B6: DYE BLUE (CI 42090) (Acid Blue 9) (40%) | C6: 0.898 | D6: ='Raw material'!CK7 -> 0 | E6: =C6-D6 -> 0.898 | H6: Crystal Dip | I6: 1 | T6: 12 | AC6: 2 | AD6: Crystal Sani Gain | AE6: =AF6-AG6 -> -1 | AF6: 0 | AG6: 1 | AH6: LUTENSOL TO8 / Salicylic acid
A7: ERM00008 | B7: LUTENSOL A03 - GALAXY MW 253 | C7: 661 | D7: ='Raw material'!CK8 -> 0 | E7: =C7-D7 -> 661 | H7: Crystal Degreaser EX | I7: 1 | J7: 20 | AC7: 3 | AD7: Speed Hygenic breeze | AE7: =AF7-AG7 -> -1 | AF7: 1 | AG7: 2 | AH7: LUTENSOL TO8 / IPA / Per Floral Fresh
A8: ERM00009 | B8: MONOTROP 1620 | C8: 140 | D8: ='Raw material'!CK9 -> 180 | E8: =C8-D8 -> -40 | H8: Crystal Grill | I8: 4 | J8: 120 | AC8: 4 | AD8: S4 | AE8: =AF8-AG8 -> -0.5 | AF8: 0 | AG8: 0.5 | AH8: SILICONE LE 46
A9: ERM00010 | B9: DYE YELLOW (CI 19140) (Acid Yellow 23) | C9: 10.699 | D9: ='Raw material'!CK10 -> 0.562 | E9: =C9-D9 -> 10.137 | H9: Crystal Silver | AC9: 5 | AD9: Crystal Decho | AE9: =AF9-AG9 -> -1 | AF9: 0 | AG9: 1 | AH9: PINK SPECKLES
A10: ERM00013 | B10: GENAPOL BE 2810 - DEHYPON LT 104 | C10: 532.5 | D10: ='Raw material'!CK11 -> 33 | E10: =C10-D10 -> 499.5 | H10: Crystal Stainless | I10: 0.5 | AC10: 6 | AD10: way extract | AE10: =AF10-AG10 -> -0.5 | AF10: 0 | AG10: 0.5 | AH10: ELTESOL SX40
A11: ERM00014 | B11: LUTENSOL TO129 | C11: 1958 | D11: ='Raw material'!CK12 -> 54 | E11: =C11-D11 -> 1904 | H11: Crystal Decho | I11: 1 | AC11: 7 | AD11: Safe Oxygen | AE11: =AF11-AG11 -> -2 | AF11: 1 | AG11: 3 | AH11: HYDROGEN PEROXIDE (50%)
A12: ERM00015 | B12: LUTENSOL TO8 | C12: 135 | D12: ='Raw material'!CK13 -> 330 | E12: =C12-D12 -> -195 | H12: Crystal Drain | I12: 3 | AC12: 8 | AD12: Way Force | AE12: =AF12-AG12 -> 0 | AH12: SODUM SILICATE NA5 (Have 96% )
A13: ERM00017 | B13: PLURAFAC LF221 - 100% - DOWFAX 20B102 | C13: 607 | D13: ='Raw material'!CK14 -> 422.72 | E13: =C13-D13 -> 184.28 | H13: Crystal Quat | I13: 1 | AC13: 9 | AD13: Crystal Stainless | AE13: =AF13-AG13 -> -1 | AF13: 0 | AG13: 1 | AH13: WHITE MINERAL OIL
A14: ERM00018 | B14: EMPIGEN BSF/A | C14: 955 | D14: ='Raw material'!CK15 -> 272 | E14: =C14-D14 -> 683 | H14: Crystal Bright | AC14: 10 | AD14: Touch Handbac | AE14: =AF14-AG14 -> -1 | AF14: 0 | AG14: 1 | AH14: ProtectolGA 50
A15: ERM00019 | B15: EMPIGEN BAC 50 - BTC 50% | D15: ='Raw material'!CK16 -> 0 | E15: =C15-D15 -> 0 | H15: Crystal Sani Gain | I15: 1 | Q15: 6 | AC15: 11 | AD15: Fabic CL 139T | AE15: =AF15-AG15 -> -3 | AF15: 0 | AG15: 3 | AH15: Nitric Acid 55%
A16: ERM00020 | B16: NANSA SSA/U - MARLON AS3 | C16: 5000 | D16: ='Raw material'!CK17 -> 981.2 | E16: =C16-D16 -> 4018.8 | H16: Crystal Surfaces | AC16: 12 | AE16: =AF16-AG16 -> 0
A17: ERM00021 | B17: BAYHIBIT AM - SEQUEST 700A - CUBLEN P50 - CONNECT PBTC | C17: 449 | D17: ='Raw material'!CK18 -> 0 | E17: =C17-D17 -> 449 | H17: Crystal Sanidet | AC17: 13 | AE17: =AF17-AG17 -> 0
A18: ERM00023 | B18: ELTESOL SC40 - STEPANATE SCS 40 | C18: 408 | D18: ='Raw material'!CK19 -> 90 | E18: =C18-D18 -> 318 | H18: Crystal lime | AC18: 14 | AE18: =AF18-AG18 -> 0
A19: ERM00024 | B19: SILICONE EMULSION - LE 46 - RHODOSIL E1P | C19: 0 | D19: ='Raw material'!CK20 -> 100 | E19: =C19-D19 -> -100 | H19: Crystal Alcosan | AC19: 15 | AE19: =AF19-AG19 -> 0
A20: ERM00025 | B20: PRIFAC 7908 - PALMERA B1220 - EDENOR PK 12-18 GA | C20: 40 | D20: ='Raw material'!CK21 -> 0 | E20: =C20-D20 -> 40 | H20: Magic light | AC20: 16 | AE20: =AF20-AG20 -> 0
H21: Magic Neutral | I21: 1
A22: ERM00027 | B22: EMPIGEN OB/EB - AMMONYX LO | C22: 487 | D22: ='Raw material'!CK22 -> 0 | E22: =C22-D22 -> 487 | H22: Safe Boost | AC22: 17 | AE22: =AF22-AG22 -> 0
A23: ERM00028 | B23: TINOPAL CBS-X - CF-351 | C23: 162.7 | D23: ='Raw material'!CK23 -> 10.4 | E23: =C23-D23 -> 152.3 | H23: Safe Alkazol | I23: 1 | T23: 9 | AC23: 18 | AE23: =AF23-AG23 -> 0
A24: ERM00029 | B24: PERFUME AR 621591 ALDEHYDE OZONIC MULTI - (GC2465) | C24: 77.47 | D24: ='Raw material'!CK24 -> 8.5 | E24: =C24-D24 -> 68.97 | H24: Safe oilgo | AC24: 19 | AE24: =AF24-AG24 -> 0
A25: ERM00030 | B25: GENAMINE CS302D - ARMEEN 2MCD - EMBIGEN AB/E - NORAM DMCD | D25: ='Raw material'!CK25 -> 0 | E25: =C25-D25 -> 0 | H25: Safe Essential | AC25: 20 | AE25: =AF25-AG25 -> 0
A26: ERM00031 | B26: STEPANTEX VK 90 - NOXAMIUM 920A - CAFLON EQ90 / eterol 100 | C26: 565 | D26: ='Raw material'!CK26 -> 40 | E26: =C26-D26 -> 525 | H26: Safe Complete | I26: 2 | AC26: 21 | AE26: =AF26-AG26 -> 0
A27: ERM00032 | B27: MAGNESIUM SULPHATE 7H20- EPSOM | C27: 597 | D27: ='Raw material'!CK27 -> 50 | E27: =C27-D27 -> 547 | H27: Safe color | I27: 0 | AE27: =AF27-AG27 -> 0
A28: ERM00033 | B28: DOWANOL DPM - SOLVENON DPM - ARCOSOLV DPM | C28: 475 | D28: ='Raw material'!CK28 -> 360 | E28: =C28-D28 -> 115 | H28: Safe Bleach | AE28: =AF28-AG28 -> 0
A29: ERM00034 | B29: 2-ETHYL HEXANOIC ACID | D29: ='Raw material'!CK29 -> 0 | E29: =C29-D29 -> 0 | H29: Safe Oxygen | I29: 3 | R29: 2800
A30: ERM00035 | B30: TRILON M LIQUID | C30: 527 | D30: ='Raw material'!CK30 -> 46 | E30: =C30-D30 -> 481 | H30: Safe white | I30: 1 | T30: 11
A31: ERM00039 | B31: ADDITIVE CL11 - SILWET L-7002 - SP3300 | D31: ='Raw material'!CK31 -> 0 | E31: =C31-D31 -> 0 | H31: Safe Sour
A32: ERM00040 | B32: ACCUSOL 445 - SOKALAN PA 25 | C32: 258 | D32: ='Raw material'!CK32 -> 2 | E32: =C32-D32 -> 256 | H32: Safe Prime | I32: 1
A33: ERM00043 | B33: CITRIC ACID MONO | C33: 906.7 | D33: ='Raw material'!CK33 -> 24.6 | E33: =C33-D33 -> 882.1 | H33: Safe Rust | AD33: cant do it
A34: ERM00049 | B34: POTASSIUM SORBATE | C34: 27 | D34: ='Raw material'!CK34 -> 12 | E34: =C34-D34 -> 15 | H34: Safe Actifos | I34: 1 | AD34: do part of it
A35: ERM00053 | B35: TRILON B87% | C35: 983 | D35: ='Raw material'!CK35 -> 41 | E35: =C35-D35 -> 942 | H35: Safe Oilaway | I35: 1 | Q35: 270
A36: ERM00056 | B36: DEQUEST 2010 - CODEX 661 - CUBLEN K60 - CONNECT HEDP | C36: 126.6 | D36: ='Raw material'!CK36 -> 4 | E36: =C36-D36 -> 122.6 | H36: Safe Iron Blaster
A37: ERM00057 | B37: DEQUEST 2000 - CONNECT ATMP | C37: 235 | D37: ='Raw material'!CK37 -> 24 | E37: =C37-D37 -> 211 | H37: Safe Echo Forte
A38: ERM00064 | B38: DYE ORANGE (CI 15985) (Food Yellow 3) | C38: 1 | D38: ='Raw material'!CK38 -> 0.1 | E38: =C38-D38 -> 0.9 | H38: Safe Force
A39: ERM00066 | B39: DYE YELLOW (CI 18965) (Acid Yellow 17) | D39: ='Raw material'!CK39 -> 0 | E39: =C39-D39 -> 0 | H39: Safe Intense new | I39: 1
A40: ERM00068 | B40: DYE RED (CI 45100) (Acid Red 52) | C40: 0.549 | D40: ='Raw material'!CK40 -> 0.006 | E40: =C40-D40 -> 0.543 | H40: Safe Neutra Soft
A41: ERM00069 | B41: DYE RED (CI 16185) (Acid Red 27) | D41: ='Raw material'!CK41 -> 0 | E41: =C41-D41 -> 0 | H41: Safe Advance
A42: ERM00070 | B42: DYE RED (CI 14720) (Acid Red 14) | C42: 3.619 | D42: ='Raw material'!CK42 -> 0.009 | E42: =C42-D42 -> 3.61 | H42: Safe Echo
A43: ERM00081 | B43: ARQUAD 2. 10-80 | C43: 678 | D43: ='Raw material'!CK43 -> 100 | E43: =C43-D43 -> 578 | H43: Safe breeze
A44: ERM00082 | B44: ARQUAD T-50HFP | C44: 212 | D44: ='Raw material'!CK44 -> 25 | E44: =C44-D44 -> 187 | H44: Safe All
A45: ERM00084 | B45: DOWANOL PNP - ARCOSOLV PNP | D45: ='Raw material'!CK45 -> 0 | E45: =C45-D45 -> 0 | H45: Safe Starch
A46: ERM00085 | B46: TRISODIUM CITRATE Med N 1560 | C46: 35.5 | D46: ='Raw material'!CK46 -> 30 | E46: =C46-D46 -> 5.5 | H46: Touch Handbac | I46: 1
A47: ERM00090 | B47: ELTESOL SX40 - STEPANATE SXS E | C47: 26.433 | D47: ='Raw material'!CK47 -> 72.8625 | E47: =C47-D47 -> -46.4295 | H47: Touch foam
A48: ERM00092 | B48: DYE RED (CI 16255) (Acid Red 18) | D48: ='Raw material'!CK48 -> 0 | E48: =C48-D48 -> 0 | H48: Touch Botanic Shampoo and Body 2x5
A49: ERM00093 | B49: Dye Blue (CI 74180) - Direct Blue 86 | D49: ='Raw material'!CK49 -> 0 | E49: =C49-D49 -> 0 | H49: Touch Botanic Shampoo and Body 12x500 ml
A50: ERM00095 | B50: MACKAM DP-122 | D50: ='Raw material'!CK50 -> 0 | E50: =C50-D50 -> 0 | H50: Touch Botanic Hand & Face | I50: 0.5
A51: ERM00102 | B51: SALCARE SC 10 - MIRAPOL 550E | D51: ='Raw material'!CK51 -> 0 | E51: =C51-D51 -> 0 | H51: Touch Peach | I51: 1
A52: ERM00104 | B52: EMAL 270D - TEXAPON 70 - NATEROL N70 | C52: 3657 | D52: ='Raw material'!CK52 -> 1375.4 | E52: =C52-D52 -> 2281.6 | H52: Touch Adams
A53: ERM00105 | B53: AKYPO SAL 2010S - EMPIPEARL XA 500 - EUPERLAN PK 300 OK | C53: 666 | D53: ='Raw material'!CK53 -> 10 | E53: =C53-D53 -> 656 | H53: Touch Soft
A54: ERM00110 | B54: EMPILAN 2502 (80%) | C54: 1049.5 | D54: ='Raw material'!CK54 -> 110 | E54: =C54-D54 -> 939.5 | H54: Touch Botanic
A55: ERM00111 | B55: GLYDANT LTD (55%) | C55: 58.35 | D55: ='Raw material'!CK55 -> 9 | E55: =C55-D55 -> 49.35 | H55: Touch Alcodis
A56: ERM00115 | B56: IRGASAN DP 300 - TRICLORAL 300 | D56: ='Raw material'!CK56 -> 0 | E56: =C56-D56 -> 0 | H56: Touch lavander hand and face
A57: ERM00117 | B57: HMA | C57: 0.3 | D57: ='Raw material'!CK57 -> 0.11 | E57: =C57-D57 -> 0.19 | H57: Touch lavender shampoo and body
A58: ERM00118 | B58: POTASSIUM PERMANGANATE | D58: ='Raw material'!CK58 -> 0 | E58: =C58-D58 -> 0 | H58: Touch pearl
A59: ERM00119 | B59: GLYCERIN 99.5% | C59: 424.64 | D59: ='Raw material'!CK59 -> 10.52 | E59: =C59-D59 -> 414.12 | H59: Touch Foam Bac
A60: ERM00122 | B60: TRIETHANOLAMINE (99%) | D60: ='Raw material'!CK60 -> 0 | E60: =C60-D60 -> 0 | H60: Care Alco Gel
A61: ERM00125 | B61: PLURAFAC LF403 - DOWFAX 20A42 | C61: 3190.3 | D61: ='Raw material'!CK61 -> 365.2 | E61: =C61-D61 -> 2825.1 | H61: Care Alcodis | I61: 1 | Q61: 1262 | U61: 2
A62: ERM00137 | B62: TOTALCHLOR 56 COARSE / neochlor 55mg/sdic 56% medium | C62: 983 | D62: ='Raw material'!CK62 -> 204.4 | E62: =C62-D62 -> 778.6 | H62: Care sani Gel
A63: ERM00143 | B63: PLURAFAC LF431 | D63: ='Raw material'!CK63 -> 0 | E63: =C63-D63 -> 0 | H63: Speed Toilet S1
A64: ERM00144 | B64: PLURAFAC LF401 | D64: ='Raw material'!CK64 -> 0 | E64: =C64-D64 -> 0 | H64: Speed Toilet S1 Conc
A65: ERM00145 | B65: SOKALAN CP5 GRANULES | C65: 751 | D65: ='Raw material'!CK65 -> 20 | E65: =C65-D65 -> 731 | H65: Speed Multi S2
A66: ERM00148 | B66: CARBOPOL 941 POLYMER | D66: ='Raw material'!CK66 -> 0 | E66: =C66-D66 -> 0 | H66: Speed Multi S2 Conc
A67: ERM00152 | B67: TINOPAL DMA-X / OPTIBLANC NC | C67: 139.15 | D67: ='Raw material'!CK67 -> 3 | E67: =C67-D67 -> 136.15 | H67: Speed Glass S3 | I67: 0.5 | Q67: 30
A68: ERM00154 | B68: DEQUEST 2047 | D68: ='Raw material'!CK68 -> 0 | E68: =C68-D68 -> 0 | H68: Speed Glass S3 Conc
A69: ERM00159 | B69: SODUM TRISILICATE 84% - POWDER | C69: 6540.4 | D69: ='Raw material'!CK69 -> 147.2 | E69: =C69-D69 -> 6393.2 | H69: Speed Furniture S4 | I69: 0.5 | T69: 100
A70: ERM00162 | B70: GLYCOLIC ACID 70E | D70: ='Raw material'!CK70 -> 0 | E70: =C70-D70 -> 0 | H70: Speed Fresh S5 | I70: 0.5
A71: ERM00165 | B71: BEROL OX 91-8 / NEODOL91-8 | C71: 115 | D71: ='Raw material'!CK71 -> 12 | E71: =C71-D71 -> 103 | H71: Speed Fresh S5 Conc
A72: ERM00166 | B72: PERFUME SPRING FLOWER MATCH AR682767 k94446 | C72: 192.65 | D72: ='Raw material'!CK72 -> 7.7 | E72: =C72-D72 -> 184.95 | H72: Speed Flush S6 | I72: 0.5 | N72: 14
A73: ERM00168 | B73: PERFUME SILK AND ORCHID AR345454 | D73: ='Raw material'!CK73 -> 0 | E73: =C73-D73 -> 0 | H73: Speed Scouring S7 | I73: 1
A74: ERM00169 | B74: PERFUME FLORAL GARDEN FABCON AR345400 | D74: ='Raw material'!CK74 -> 0 | E74: =C74-D74 -> 0 | H74: Speed Ketle S8
A75: ERM00170 | B75: PERFUME CITRUS PINE AR339135 | C75: 12.65 | D75: ='Raw material'!CK75 -> 2 | E75: =C75-D75 -> 10.65 | H75: Speed Hygenic breeze | I75: 2 | K75: 80 | O75: 60 | Q75: 100
A76: ERM00171 | B76: PERFUME APRIL FRESH AR345398 | C76: 104.3 | D76: ='Raw material'!CK76 -> 24 | E76: =C76-D76 -> 80.3 | H76: way extract | I76: 0.5
A77: ERM00172 | B77: PERFUME FLORAL FRESH MOD AR819859 | C77: 101.25 | D77: ='Raw material'!CK77 -> 120 | E77: =C77-D77 -> -18.75 | H77: way foam
A78: ERM00173 | B78: PERFUME NEVENA AR345483 | D78: ='Raw material'!CK78 -> 0 | E78: =C78-D78 -> 0 | H78: way lime | I78: 1 | K78: 60
A79: ERM00174 | B79: Perfume Fantastic Lemon - Lime AR846348 | C79: 32 | D79: ='Raw material'!CK79 -> 5 | E79: =C79-D79 -> 27 | H79: Way Force | I79: 1 | Q79: 100 | S79: 80
A80: ERM00176 | B80: IODINE PRILLS | D80: ='Raw material'!CK80 -> 0 | E80: =C80-D80 -> 0 | H80: way auto best
A81: ERM00177 | B81: SORBITOL 70 | D81: ='Raw material'!CK81 -> 0 | E81: =C81-D81 -> 0 | H81: way best
A82: ERM00181 | B82: EMULAN A | D82: ='Raw material'!CK82 -> 0 | E82: =C82-D82 -> 0 | H82: way strip
A83: ERM00182 | B83: SALICYLIC ACID | C83: 15 | D83: ='Raw material'!CK83 -> 20 | E83: =C83-D83 -> -5 | H83: way polish
A84: ERM00184 | B84: WAX EMULSION | C84: 301 | D84: ='Raw material'!CK84 -> 50 | E84: =C84-D84 -> 251 | H84: Fabic NL 556 | I84: 1
A85: ERM00185 | B85: ACRYLIC FLOOR POLISH | D85: ='Raw material'!CK85 -> 0 | E85: =C85-D85 -> 0 | H85: Fabic CL 139T | I85: 3
A86: ERM00188 | B86: SILICONE FLUID 350 - WACKER AK350 | C86: 85 | D86: ='Raw material'!CK86 -> 10 | E86: =C86-D86 -> 75 | H86: Fabic KL574F
A87: ERM00189 | B87: SILICONE 1000 - DOMAROL DM1000 | C87: 104 | D87: ='Raw material'!CK87 -> 20 | E87: =C87-D87 -> 84 | H87: we have | J87: 138 | K87: 135 | L87: 0 | M87: 50 | N87: 26.5 | O87: 101 | P87: 15 | Q87: 1811 | R87: 3605 | S87: 77 | T87: 263 | U87: 2 | V87: 0
A88: ERM00190 | B88: PERFUME LAVENDER BOTANIC AR387970 | D88: ='Raw material'!CK88 -> 0 | E88: =C88-D88 -> 0 | H88: Total =
A89: ERM00191 | B89: PERFUME COTTON BOTANIC AR387971 | C89: 14 | D89: ='Raw material'!CK89 -> 3 | E89: =C89-D89 -> 11 | H89: Need = | J89: =J87-J90 -> -2 | K89: =K87-K90 -> -5 | L89: =L87-L90 -> 0 | M89: =M87-M90 -> 50 | N89: =N87-N90 -> 12.5 | O89: =O87-O90 -> 41 | P89: =P87-P90 -> 15 | Q89: =Q87-Q90 -> 43 | ... Z89: =Z87-Z90 -> 0
A90: ERM00193 | B90: COSMOROL GQ6 | D90: ='Raw material'!CK90 -> 0 | E90: =C90-D90 -> 0 | J90: =SUM(J2:J86) -> 140 | K90: =SUM(K2:K86) -> 140 | L90: =SUM(L2:L86) -> 0 | M90: =SUM(M2:M86) -> 0 | N90: =SUM(N2:N86) -> 14 | O90: =SUM(O2:O86) -> 60 | P90: =SUM(P2:P86) -> 0 | Q90: =SUM(Q2:Q86) -> 1768 | ... Z90: =SUM(Z2:Z86) -> 0
A91: ERM00196 | B91: PERFUME FRESH AROMACORE AR399750 | C91: 77.4 | D91: ='Raw material'!CK91 -> 4 | E91: =C91-D91 -> 73.4
A92: ERM00197 | B92: PERFUME INFINITY AR404669 | D92: ='Raw material'!CK92 -> 0 | E92: =C92-D92 -> 0
A93: ERM00198 | B93: PERFUME MISS GABRIELLE AR404671 | D93: ='Raw material'!CK93 -> 0 | E93: =C93-D93 -> 0
A94: ERM00202 | B94: SODIUM SILICOFLUORIDE | D94: ='Raw material'!CK94 -> 0 | E94: =C94-D94 -> 0
A95: ERM00204 | B95: KENCIDE C70 - (ACTIVA 2112) | C95: 27.86 | D95: ='Raw material'!CK95 -> 21.1 | E95: =C95-D95 -> 6.76
A96: ERM00207 | B96: PERFUME PROFAROL JA211 JASMINE | D96: ='Raw material'!CK96 -> 0 | E96: =C96-D96 -> 0
A97: ERM00208 | B97: PERFUME PROFAROL 14822 LAVENDER | D97: ='Raw material'!CK97 -> 0 | E97: =C97-D97 -> 0
A98: ERM00209 | B98: PERFUME PROFAROL PA10368 FOLL | D98: ='Raw material'!CK98 -> 0 | E98: =C98-D98 -> 0
A99: ERM00210 | B99: PERFUME PROFAROL 14821 WHITE MUSK | D99: ='Raw material'!CK99 -> 0 | E99: =C99-D99 -> 0
A100: ERM00211 | B100: EMAROL 20 (SORBITAM MONOLAUREATE) | D100: ='Raw material'!CK100 -> 0 | E100: =C100-D100 -> 0
...

Sheet Log
A1: Timestamp | B1: Product | C1: Batches | D1: Operator Status

Sheet Package
F1: Liquid | T1: Powder | X1: package
C2: Front Sticker | D2: Back Sticker | E2: Bottles | F2: 20 Liter Clear | G2: 20 Liter White | H2: 20 Liter Blue | I2: 4x5 Liter | J2: 2x5 Liter | K2: 1 Liter | L2: 750 ML Flat | M2: 750 ML Round | N2: 500 ML | O2: 330 ML | P2: 250 ML | Q2: 75 ML | R2: Powder | S2: 20 KG | T2: 10 KG | U2: 3 KG | V2: Carton | W2: 4x5 LTR | X2: 2x5 LTR | Y2: 10 x 1 Liter | Z2: 6x750 Round | AA2: 6x750 ML Flat | AB2: 12x500 ML | AC2: 330 ML | AD2: 250 ML | AE2: 75 ML | AF2: Capes | AG2: White Cape | AH2: Blue Cape | AI2: Red Cape | AJ2: Small white cape | AK2: Pump/Trigger | AL2: White Pump | AM2: Silver Pump | AN2: Black Pump | AO2: Trigger
A3: Crystal Forte | B3: {=TRANSPOSE('Raw material'!C3:CH3)} -> 0 | C3: =F3 -> 0 | E3: Bottles | F3: =B3*78 -> 0 | R3: Powder | V3: Carton | AF3: Capes | AK3: Pump/Trigger
A4: Crystal Clear | B4: 3 | C4: =F4 -> 297 | E4: Bottles | F4: =B4*99 -> 297 | R4: Powder | V4: Carton | AF4: Capes | AK4: Pump/Trigger
A5: Crystal Gain | B5: 5 | C5: =I5+W5 -> 2425 | E5: Bottles | I5: =W5*4 -> 1940 | R5: Powder | V5: Carton | W5: =B5*97 -> 485 | AF5: Capes | AK5: Pump/Trigger
A6: Crystal De-lime | B6: 2 | C6: =J6+X6 -> 1080 | E6: Bottles | J6: =X6*2 -> 720 | R6: Powder | V6: Carton | X6: =B6*180 -> 360 | AF6: Capes | AK6: Pump/Trigger
A7: Crystal Dip | B7: 1 | C7: =T7 -> 100 | E7: Bottles | R7: Powder | T7: =B7*100 -> 100 | V7: Carton | AF7: Capes | AK7: Pump/Trigger
A8: Crystal Degreaser EX | B8: 1 | C8: =J8+X8 -> 546 | E8: Bottles | J8: =X8*2 -> 364 | R8: Powder | V8: Carton | X8: =B8*182 -> 182 | AF8: Capes | AK8: Pump/Trigger
A9: Crystal Grill | B9: 4 | C9: =J9+X9 -> 2148 | E9: Bottles | J9: =X9*2 -> 1432 | R9: Powder | V9: Carton | X9: =B9*179 -> 716 | AF9: Capes | AK9: Pump/Trigger
A10: Crystal Silver | E10: Bottles | R10: Powder | V10: Carton | AF10: Capes | AK10: Pump/Trigger
A11: Crystal Stainless | B11: 0.5 | C11: =L11+AA11 -> 924 | D11: =L11 -> 792 | E11: Bottles | L11: =AA11*6 -> 792 | R11: Powder | V11: Carton | AA11: =B11*264 -> 132 | AF11: Capes | AK11: Pump/Trigger
A12: Crystal Decho | B12: 1 | C12: =T12 -> 100 | E12: Bottles | R12: Powder | T12: =B12*100 -> 100 | V12: Carton | AF12: Capes | AK12: Pump/Trigger
A13: Crystal Drain | B13: 3 | C13: =T13 -> 300 | E13: Bottles | R13: Powder | T13: =B13*100 -> 300 | V13: Carton | AF13: Capes | AK13: Pump/Trigger
A14: Crystal Quat | B14: 1 | C14: =J14+X14 -> 600 | E14: Bottles | J14: =X14*2 -> 400 | R14: Powder | V14: Carton | X14: =B14*200 -> 200 | AF14: Capes | AK14: Pump/Trigger
A15: Crystal Bright | C15: =U15 -> 0 | D15: =C15 -> 0 | E15: Bottles | R15: Powder | U15: =B15*333 -> 0 | V15: Carton | AF15: Capes | AK15: Pump/Trigger
A16: Crystal Sani Gain | B16: 1 | C16: =F16 -> 97 | E16: Bottles | F16: =B16*97 -> 97 | R16: Powder | V16: Carton | AF16: Capes | AK16: Pump/Trigger
A17: Crystal Surfaces | E17: Bottles | R17: Powder | V17: Carton | AF17: Capes | AK17: Pump/Trigger
A18: Crystal Sanidet | E18: Bottles | R18: Powder | V18: Carton | AF18: Capes | AK18: Pump/Trigger
A19: Crystal lime | E19: Bottles | R19: Powder | V19: Carton | AF19: Capes | AK19: Pump/Trigger
A20: Crystal Alcosan | E20: Bottles | R20: Powder | V20: Carton | AF20: Capes | AK20: Pump/Trigger
A21: Magic light | C21: =I21+W21 -> 0 | E21: Bottles | I21: =W21*4 -> 0 | R21: Powder | V21: Carton | W21: =B21*97 -> 0 | AF21: Capes | AK21: Pump/Trigger
A22: Safe Boost | B22: 1 | C22: =F22 -> 78 | E22: Bottles | F22: =B22*78 -> 78 | R22: Powder | V22: Carton | AF22: Capes | AK22: Pump/Trigger
A23: Safe Alkazol | C23: =S23 -> 0 | E23: Bottles | R23: Powder | S23: =B23*50 -> 0 | V23: Carton | AF23: Capes | AK23: Pump/Trigger
A24: Safe oilgo | B24: 1 | C24: =G24 -> 103 | E24: Bottles | G24: =B24*103 -> 103 | R24: Powder | V24: Carton | AF24: Capes | AK24: Pump/Trigger
A25: Safe Essential | C25: =G25 -> 0 | E25: Bottles | G25: =B25*100 -> 0 | R25: Powder | V25: Carton | AF25: Capes | AK25: Pump/Trigger
A26: Safe Complete | C26: =S26 -> 0 | E26: Bottles | R26: Powder | S26: =B26*50 -> 0 | V26: Carton | AF26: Capes | AK26: Pump/Trigger
A27: Safe color | B27: 2 | C27: =S27 -> 100 | E27: Bottles | R27: Powder | S27: =B27*50 -> 100 | V27: Carton | AF27: Capes | AK27: Pump/Trigger
A28: Safe Bleach | B28: 0 | C28: =H28 -> 0 | E28: Bottles | H28: =B28*85 -> 0 | R28: Powder | V28: Carton | AF28: Capes | AK28: Pump/Trigger
A29: Safe Oxygen | C29: =H29 -> 0 | E29: Bottles | H29: =B29*90 -> 0 | R29: Powder | V29: Carton | AF29: Capes | AK29: Pump/Trigger
A30: Safe white | B30: 3 | C30: =T30 -> 300 | E30: Bottles | R30: Powder | T30: =B30*100 -> 300 | V30: Carton | AF30: Capes | AK30: Pump/Trigger
A31: Safe Sour | B31: 1 | C31: =F31 -> 92 | E31: Bottles | F31: =B31*92 -> 92 | R31: Powder | V31: Carton | AF31: Capes | AK31: Pump/Trigger
A32: Safe Prime | C32: =F32 -> 0 | E32: Bottles | F32: =B32*100 -> 0 | R32: Powder | V32: Carton | AF32: Capes | AK32: Pump/Trigger
A33: Safe Rust | B33: 1 | C33: =F33 -> 89 | E33: Bottles | F33: =B33*89 -> 89 | R33: Powder | V33: Carton | AF33: Capes | AK33: Pump/Trigger
A34: Safe Actifos | C34: =G34 -> 0 | E34: Bottles | G34: =B34*106 -> 0 | R34: Powder | V34: Carton | AF34: Capes | AK34: Pump/Trigger
A35: Safe Oilaway | B35: 1 | C35: =G35 -> 106 | E35: Bottles | G35: =B35*106 -> 106 | R35: Powder | V35: Carton | AF35: Capes | AK35: Pump/Trigger
A36: Safe Iron Blaster | B36: 1 | C36: =T36 -> 100 | E36: Bottles | R36: Powder | T36: =B36*100 -> 100 | V36: Carton | AF36: Capes | AK36: Pump/Trigger
A37: Safe Echo Forte | C37: =G37 -> 0 | E37: Bottles | G37: =B37*94 -> 0 | R37: Powder | V37: Carton | AF37: Capes | AK37: Pump/Trigger
A38: Safe Force | C38: =G38 -> 0 | E38: Bottles | G38: =B38*77 -> 0 | R38: Powder | V38: Carton | AF38: Capes | AK38: Pump/Trigger
A39: Safe Intense new | C39: =G39 -> 0 | E39: Bottles | G39: =B39*77 -> 0 | R39: Powder | V39: Carton | AF39: Capes | AK39: Pump/Trigger
A40: Safe Neutra Soft | B40: 1 | E40: Bottles | R40: Powder | V40: Carton | AF40: Capes | AK40: Pump/Trigger
A41: Safe Advance | E41: Bottles | R41: Powder | V41: Carton | AF41: Capes | AK41: Pump/Trigger
A42: Safe Echo | E42: Bottles | R42: Powder | V42: Carton | AF42: Capes | AK42: Pump/Trigger
A43: Safe breeze | E43: Bottles | R43: Powder | V43: Carton | AF43: Capes | AK43: Pump/Trigger
A44: Safe All | E44: Bottles | R44: Powder | V44: Carton | AF44: Capes | AK44: Pump/Trigger
A45: Safe Starch | E45: Bottles | R45: Powder | V45: Carton | AF45: Capes | AK45: Pump/Trigger
A46: Touch Handbac | C46: =J46+X46 -> 0 | E46: Bottles | J46: =X46*2 -> 0 | R46: Powder | V46: Carton | X46: =B46*194 -> 0 | AF46: Capes | AK46: Pump/Trigger
A47: Touch foam | B47: 1 | C47: =J47+X47 -> 588 | E47: Bottles | J47: =X47*2 -> 392 | R47: Powder | V47: Carton | X47: =B47*196 -> 196 | AF47: Capes | AK47: Pump/Trigger
A48: Touch Botanic Shampoo and Body 2x5 | C48: =J48+X48 -> 0 | E48: Bottles | J48: =X48*2 -> 0 | R48: Powder | V48: Carton | X48: =B48*196 -> 0 | AF48: Capes | AK48: Pump/Trigger
A49: Touch Botanic Shampoo and Body 12x500 ml | C49: =N49+AB49 -> 0 | E49: Bottles | N49: =AB49*12 -> 0 | R49: Powder | V49: Carton | AB49: =B49*158 -> 0 | AF49: Capes | AK49: Pump/Trigger
A50: Touch Botanic Hand & Face | C50: =I50+W50 -> 0 | E50: Bottles | I50: =W50*4 -> 0 | R50: Powder | V50: Carton | W50: =B50*98 -> 0 | AF50: Capes | AK50: Pump/Trigger
A51: Touch Peach | B51: 0.5 | C51: =I51+W51 -> 245 | E51: Bottles | I51: =W51*4 -> 196 | R51: Powder | V51: Carton | W51: =B51*98 -> 49 | AF51: Capes | AK51: Pump/Trigger
A52: Touch Adams | B52: 1 | E52: Bottles | J52: =X52*2 -> 388 | R52: Powder | V52: Carton | X52: =B52*194 -> 194 | AF52: Capes | AK52: Pump/Trigger
A53: Touch Soft | C53: =J53+X53 -> 0 | E53: Bottles | J53: =X53*2 -> 0 | R53: Powder | V53: Carton | X53: =B53*194 -> 0 | AF53: Capes | AK53: Pump/Trigger
A54: Touch Botanic | C54: =J54+X54 -> 0 | E54: Bottles | J54: =X54*2 -> 0 | R54: Powder | V54: Carton | X54: =B54*196 -> 0 | AF54: Capes | AK54: Pump/Trigger
A55: Touch Alcodis | E55: Bottles | R55: Powder | V55: Carton | AF55: Capes | AK55: Pump/Trigger
A56: Touch lavander hand and face | E56: Bottles | N56: =AB56*12 -> 0 | R56: Powder | V56: Carton | AB56: =B56*158 -> 0 | AF56: Capes | AK56: Pump/Trigger
A57: Touch lavender shampoo and body | E57: Bottles | R57: Powder | V57: Carton | AF57: Capes | AK57: Pump/Trigger
A58: Touch pearl | E58: Bottles | R58: Powder | V58: Carton | AF58: Capes | AK58: Pump/Trigger
A59: Touch Foam Bac | E59: Bottles | J59: =X59*2 -> 0 | R59: Powder | V59: Carton | X59: =B59*227 -> 0 | AF59: Capes | AK59: Pump/Trigger
A60: Care Alco Gel | C60: =J60+X60 -> 0 | E60: Bottles | J60: =X60*2 -> 0 | R60: Powder | V60: Carton | X60: =B60*227 -> 0 | AF60: Capes | AK60: Pump/Trigger
A61: Care Alcodis | C61: =J61+X61 -> 0 | E61: Bottles | J61: =X61*2 -> 0 | R61: Powder | V61: Carton | X61: =B61*227 -> 0 | AF61: Capes | AK61: Pump/Trigger
A62: Care sani Gel | B62: 1 | C62: =J62+X62 -> 681 | E62: Bottles | J62: =X62*2 -> 454 | R62: Powder | V62: Carton | X62: =B62*227 -> 227 | AF62: Capes | AK62: Pump/Trigger
A63: Speed Toilet S1 | C63: =L63+AA63 -> 0 | D63: =L63 -> 0 | E63: Bottles | L63: =AA63*6 -> 0 | R63: Powder | V63: Carton | AA63: =B63*444 -> 0 | AF63: Capes | AK63: Pump/Trigger
A64: Speed Toilet S1 Conc | E64: Bottles | J64: =X64*2 -> 0 | R64: Powder | V64: Carton | X64: =B64*176 -> 0 | AF64: Capes | AK64: Pump/Trigger
A65: Speed Multi S2 | C65: =L65+AA65 -> 0 | D65: =L65 -> 0 | E65: Bottles | L65: =AA65*6 -> 0 | R65: Powder | V65: Carton | AA65: =B65*444 -> 0 | AF65: Capes | AK65: Pump/Trigger
A66: Speed Multi S2 Conc | C66: =J66+X66 -> 0 | E66: Bottles | J66: =X66*2 -> 0 | R66: Powder | V66: Carton | X66: =B66*197 -> 0 | AF66: Capes | AK66: Pump/Trigger
A67: Speed Glass S3 | C67: =L67+AA67 -> 0 | D67: =L67 -> 0 | E67: Bottles | L67: =AA67*6 -> 0 | R67: Powder | V67: Carton | AA67: =B67*448 -> 0 | AF67: Capes | AK67: Pump/Trigger | AO67: =AA67*2 -> 0
A68: Speed Glass S3 Conc | B68: 0.5 | C68: =J68+X68 -> 301.5 | D68: =L68 | E68: Bottles | J68: =X68*2 -> 201 | R68: Powder | V68: Carton | X68: =B68*201 -> 100.5 | AF68: Capes | AK68: Pump/Trigger
A69: Speed Furniture S4 | C69: =L69+AA69 -> 0 | D69: =L69 -> 0 | E69: Bottles | L69: =AA69*6 -> 0 | R69: Powder | V69: Carton | AA69: =B69*446 -> 0 | AF69: Capes | AK69: Pump/Trigger
A70: Speed Fresh S5 | B70: 0.5 | C70: =L70+AA70 -> 1554 | D70: =L70 -> 1332 | E70: Bottles | L70: =AA70*6 -> 1332 | R70: Powder | V70: Carton | AA70: =B70*444 -> 222 | AF70: Capes | AK70: Pump/Trigger | AO70: =AA70*2 -> 444
A71: Speed Fresh S5 Conc | B71: 0.5 | C71: =J71+X71 -> 297 | E71: Bottles | J71: =X71*2 -> 198 | R71: Powder | V71: Carton | X71: =B71*198 -> 99 | AF71: Capes | AK71: Pump/Trigger
A72: Speed Flush S6 | C72: =M72+Z72 -> 0 | E72: Bottles | M72: =Z72*6 -> 0 | R72: Powder | V72: Carton | Z72: =B72*215 -> 0 | AF72: Capes | AK72: Pump/Trigger
A73: Speed Scouring S7 | B73: 0.5 | C73: =M73+Z73 -> 1078 | E73: Bottles | M73: =Z73*6 -> 924 | R73: Powder | V73: Carton | Z73: =B73*308 -> 154 | AF73: Capes | AK73: Pump/Trigger
A74: Speed Ketle S8 | B74: 1 | C74: =M74+Z74 -> 2800 | E74: Bottles | M74: =Z74*6 -> 2400 | R74: Powder | V74: Carton | Z74: =B74*400 -> 400 | AF74: Capes | AK74: Pump/Trigger
A75: Speed Hygenic breeze | C75: =J75+X75 -> 0 | E75: Bottles | J75: =X75*2 -> 0 | R75: Powder | V75: Carton | X75: =B75*202 -> 0 | AF75: Capes | AK75: Pump/Trigger
A76: way extract | B76: 2 | E76: Bottles | J76: =X76*2 -> 776 | R76: Powder | V76: Carton | X76: =B76*194 -> 388 | AF76: Capes | AK76: Pump/Trigger
A77: way foam | B77: 0.5 | C77: =J77+X77 -> 270 | E77: Bottles | J77: =X77*2 -> 180 | R77: Powder | V77: Carton | X77: =B77*180 -> 90 | AF77: Capes | AK77: Pump/Trigger
A78: way lime | C78: =J78+X78 -> 0 | E78: Bottles | J78: =X78*2 -> 0 | R78: Powder | V78: Carton | X78: =B78*180 -> 0 | AF78: Capes | AK78: Pump/Trigger
A79: Way Force | B79: 1 | C79: =J79+X79 -> 582 | E79: Bottles | J79: =X79*2 -> 388 | R79: Powder | V79: Carton | X79: =B79*194 -> 194 | AF79: Capes | AK79: Pump/Trigger
A80: way auto best | B80: 1 | E80: Bottles | R80: Powder | V80: Carton | AF80: Capes | AK80: Pump/Trigger
A81: way best | E81: Bottles | R81: Powder | V81: Carton | AF81: Capes | AK81: Pump/Trigger
A82: way strip | E82: Bottles | R82: Powder | V82: Carton | AF82: Capes | AK82: Pump/Trigger
A83: way polish | C83: =J83+X83 -> 0 | E83: Bottles | J83: =X83*2 -> 0 | R83: Powder | V83: Carton | X83: =B83*196 -> 0 | AF83: Capes | AK83: Pump/Trigger
A84: Fabic NL 556 | C84: =F84 -> 0 | E84: Bottles | F84: =B84*95 -> 0 | R84: Powder | V84: Carton | AF84: Capes | AK84: Pump/Trigger
A85: Fabic CL 139T | B85: 1 | C85: =H85 -> 80 | E85: Bottles | H85: =B85*80 -> 80 | R85: Powder | V85: Carton | AF85: Capes | AK85: Pump/Trigger
A86: Fabic KL574F | B86: 3 | C86: =H86 -> 249 | E86: Bottles | H86: =B86*83 -> 249 | R86: Powder | V86: Carton | AF86: Capes | AK86: Pump/Trigger
A87: Speed Hygenic 1 LITER | AF87: Capes | AK87: Pump/Trigger
B88: Total Need= | F88: =SUM(F3:F86) -> 653 | G88: =SUM(G3:G85) -> 209 | H88: =SUM(H3:H85) -> 80 | I88: =SUM(I3:I85) -> 2136 | J88: =SUM(J3:J85) -> 5893 | L88: =SUM(L3:L85) -> 2124 | M88: =SUM(M3:M85) -> 3324 | N88: =SUM(N3:N85) -> 0 | Q88: =SUM(Q3:Q85) -> 0 | S88: =SUM(S3:S85) -> 100 | T88: =SUM(T3:T85) -> 900 | U88: =SUM(U3:U85) -> 0 | W88: =SUM(W3:W85) -> 534 | X88: =SUM(X3:X85) -> 2946.5 | Z88: =SUM(Z3:Z85) -> 554 | AA88: =SUM(AA3:AA85) -> 354 | AB88: =SUM(AB3:AB85) -> 0 | AG88: =F88+G88 -> 862 | AH88: =Z88 -> 554 | AI88: =H88 -> 80 | AL88: =SUM(AL3:AL85) -> 0 | AO88: =AA88*2 -> 708
B89: Actual NO = | E89: DAYS | F89: =979-12 -> 967 | G89: =598-18 -> 580 | H89: =1137-6 -> 1131 | I89: 1403 | J89: 2166 | L89: 15544 | M89: =12333-75 -> 12258 | N89: =2202-396 -> 1806 | Q89: 22939 | S89: 582 | T89: 417 | U89: 132 | W89: 1178 | X89: 2342 | Y89: 1407 | Z89: 673 | AA89: 1502 | AB89: 2983 | AG89: 3500 | AH89: 48355 | AI89: 1073 | AL89: 34764 | AM89: 2887 | AN89: 6060 | AO89: 5968
E91: 46387 | F91: =F89-81-163-98 -> 625 | J91: =J89-370 -> 1796 | S91: =S89-50-85 -> 447 | X91: =X89-185 -> 2157
E92: 46026 | F92: =F91+2000 -> 2625 | G92: =G89-103 -> 477 | J92: =J91-318-188-300 -> 990 | T92: =T89+3360 -> 3777 | U92: =U89+1260 -> 1392 | X92: =X91-194-94-150+1260 -> 2979
B93: Need | C93: Have | D93: Sub | E93: 46027 | F93: =F92+2000 -> 4625 | G93: =G92-212 -> 265 | H93: =H89-84-90 -> 957 | I93: =I89-1172 -> 231 | T93: =T92-50 -> 3727 | W93: =W89-293 -> 885 | AI93: =AI89-90 -> 983
A94: Bottles | E94: 46028 | F94: =F93-99 -> 4526 | J94: =J92-394-202 -> 394 | T94: =T93-200-100 -> 3427 | X94: =X92-197-101 -> 2681
A95: 20 Liter Clear | B95: =F88 -> 653 | C95: =979-12 -> 967 | D95: =C95-B95 -> 314 | E95: 46030 | F95: =F94-96 -> 4430 | G95: =G93-101 -> 164 | I95: =I93+1645 -> 1876 | AH95: =AH89-1290 -> 47065
A96: 20 Liter White | B96: =G88 -> 209 | C96: =598-18 -> 580 | D96: =C96-B96 -> 371 | E96: 46033 | M96: =M89-1290 -> 10968 | Z96: =Z89-215 -> 458
A97: 20 Liter Blue | B97: =H88 -> 80 | C97: =1137-6 -> 1131 | D97: =C97-B97 -> 1051 | E97: 46034 | I97: =I95+1645 -> 3521 | M97: =M96-1302 -> 9666 | O97: 11842 | U97: =U92-333 -> 1059 | X97: =X94+849 -> 3530 | AC97: 2006 | AH97: =AH95-1302 -> 45763 | AN97: =AN89+10000 -> 16060
A98: 4x5 Liter | B98: =I88 -> 2136 | C98: 1403 | D98: =C98-B98 -> -733 | E98: 46035 | F98: =F95-100 -> 4330 | J98: =J94-391+1500 -> 1503 | L98: =L89-1338-1344 -> 12862 | S98: =S91-100 -> 347 | X98: =X97-224 -> 3306 | AA98: =AA89-223-224 -> 1055 | AJ98: =-1346-1349 -> -2695 | AO98: =AO89-446-448 -> 5074
A99: 2x5 Liter | B99: =J88 -> 5893 | C99: 2166 | D99: =C99-B99 -> -3727 | E99: 46036 | F99: =F98-162 -> 4168 | P99: =-444 -> -444 | T99: =T94-598 -> 2829 | AL99: =AL89-445 -> 34319
A100: 1 Liter | B100: =K88 | E100: 15-16/1 | F100: =F99-81-100 -> 3987 | I100: =I97-784 -> 2737 | Q100: =Q89-1540 -> 21399 | U100: =U97-333 -> 726 | W100: =W93-196 -> 689 | AE100: -64
A101: 750 ML Flat | B101: =L88 -> 2124 | C101: 15544 | D101: =C101-B101 -> 13420 | E101: 18-19/1 | J101: =J98-356-204-396 -> 547 | L101: =L98-1338 -> 11524
...

Sheet Sticker
C1: Needed | E1: Have | F1: Start | H1: Left OR Need | I1: 46387 | J1: 46026 | K1: 46027 | L1: 46028 | M1: 46030 | N1: 46033 | O1: 46034 | P1: back | Q1: 46035 | R1: Back | S1: 46036 | T1: 15-16/1 | U1: 18-19/1 | V1: back
C2: Front Sticker | D2: Back Sticker | F2: Front Sticker | G2: Back Sticker
A3: Crystal Forte | B3: {=TRANSPOSE('Raw material'!C3:CI3)} -> 0 | C3: =Package!C3 -> 0 | D3: =Package!D3 | F3: 884 | H3: =F3-C3 -> 884 | I3: =F3-163 -> 721 | S3: =I3-162 -> 559
A4: Crystal Clear | B4: 3 | C4: =Package!C4 -> 297 | D4: =Package!D4 | F4: 1590 | H4: =F4-C4 -> 1293 | L4: =F4-99 -> 1491 | T4: =L4-100 -> 1391
A5: Crystal Gain | B5: 5 | C5: =Package!C5 -> 2425 | D5: =Package!D5 | F5: 4486 | H5: =F5-C5 -> 2061 | K5: =F5-1465 -> 3021 | T5: =K5-980 -> 2041
A6: Crystal De-lime | B6: 2 | C6: =Package!C6 -> 1080 | D6: =Package!D6 | F6: 430 | H6: =F6-C6 -> -650
A7: Crystal Dip | B7: 1 | C7: =Package!C7 -> 100 | D7: =Package!D7 | F7: 618 | H7: =F7-C7 -> 518 | L7: =F7-200 -> 418
A8: Crystal Degreaser EX | B8: 1 | C8: =Package!C8 -> 546 | D8: =Package!D8 | F8: 3015 | H8: =F8-C8 -> 2469 | I8: =F8-556 -> 2459
A9: Crystal Grill | B9: 4 | C9: =Package!C9 -> 2148 | D9: =Package!D9 | F9: 2231 | H9: =F9-C9 -> 83
A10: Crystal Silver | C10: =Package!C10 | D10: =Package!D10 | F10: 1336 | H10: =F10-C10 -> 1336
A11: Crystal Stainless | B11: 0.5 | C11: =Package!C11 -> 924 | D11: =Package!D11 -> 792 | F11: 2964 | G11: 2339 | H11: =F11-C11 -> 2040
A12: Crystal Decho | B12: 1 | C12: =Package!C12 -> 100 | D12: =Package!D12 | F12: 600 | H12: =F12-C12 -> 500
A13: Crystal Drain | B13: 3 | C13: =Package!C13 -> 300 | D13: =Package!D13 | F13: 2846 | H13: =F13-C13 -> 2546 | K13: =F13-50 -> 2796 | S13: =F13-598 -> 2248
A14: Crystal Quat | B14: 1 | C14: =Package!C14 -> 600 | D14: =Package!D14 | F14: 700 | H14: =F14-C14 -> 100
A15: Crystal Bright | C15: =Package!C15 -> 0 | D15: =Package!D15 -> 0 | F15: 2680 | G15: 2704 | H15: =F15-C15 -> 2680 | O15: =F15-333 -> 2347 | P15: =G15-333 -> 2371
A16: Crystal Sani Gain | B16: 1 | C16: =Package!C16 -> 97 | D16: =Package!D16 | F16: 395 | H16: =F16-C16 -> 298
A17: Crystal Surfaces | C17: =Package!C17 | D17: =Package!D17 | F17: 2843 | H17: =F17-C17 -> 2843 | J17: =F17-450 -> 2393
A18: Crystal Sanidet | C18: =Package!C18 | D18: =Package!D18 | F18: 3938 | H18: =F18-C18 -> 3938
A19: Crystal lime | C19: =Package!C19 | D19: =Package!D19 | H19: =F19-C19 -> 0
A20: Crystal Alcosan | C20: =Package!C20 | D20: =Package!D20 | F20: 3410 | H20: =F20-C20 -> 3410
A21: Magic light | C21: =Package!C21 -> 0 | D21: =Package!D21 | F21: 232 | H21: =F21-C21 -> 232
A22: Safe Boost | B22: 1 | C22: =Package!C22 -> 78 | D22: =Package!D22 | F22: 863 | H22: =F22-C22 -> 785 | I22: =F22-81 -> 782 | T22: =I22-81 -> 701
A23: Safe Alkazol | C23: =Package!C23 -> 0 | D23: =Package!D23 | F23: 189 | H23: =F23-C23 -> 189 | Q23: =F23-100 -> 89
A24: Safe oilgo | B24: 1 | C24: =Package!C24 -> 103 | D24: =Package!D24 | F24: 530 | H24: =F24-C24 -> 427 | J24: =F24-103 -> 427
A25: Safe Essential | C25: =Package!C25 -> 0 | D25: =Package!D25 | F25: 838 | H25: =F25-C25 -> 838 | M25: =F25-101 -> 737
A26: Safe Complete | C26: =Package!C26 -> 0 | D26: =Package!D26 | F26: 409 | H26: =F26-C26 -> 409 | I26: =F26-86 -> 323
A27: Safe color | B27: 2 | C27: =Package!C27 -> 100 | D27: =Package!D27 | F27: 381 | H27: =F27-C27 -> 281 | I27: =F27-50 -> 331
A28: Safe Bleach | B28: 0 | C28: =Package!C28 -> 0 | D28: =Package!D28 | F28: 789 | H28: =F28-C28 -> 789 | K28: =F28-84 -> 705
A29: Safe Oxygen | C29: =Package!C29 -> 0 | D29: =Package!D29 | F29: 741 | H29: =F29-C29 -> 741 | K29: =F29-90 -> 651
A30: Safe white | B30: 3 | C30: =Package!C30 -> 300 | D30: =Package!D30 | F30: 3103 | H30: =F30-C30 -> 2803 | L30: =F30-100 -> 3003
A31: Safe Sour | B31: 1 | C31: =Package!C31 -> 92 | D31: =Package!D31 | F31: 303 | H31: =F31-C31 -> 211
A32: Safe Prime | C32: =Package!C32 -> 0 | D32: =Package!D32 | F32: 1388 | H32: =F32-C32 -> 1388 | Q32: =F32-100 -> 1288
A33: Safe Rust | B33: 1 | C33: =Package!C33 -> 89 | D33: =Package!D33 | F33: 1538 | H33: =F33-C33 -> 1449
A34: Safe Actifos | C34: =Package!C34 -> 0 | D34: =Package!D34 | F34: 388 | H34: =F34-C34 -> 388
A35: Safe Oilaway | B35: 1 | C35: =Package!C35 -> 106 | D35: =Package!D35 | F35: 1213 | H35: =F35-C35 -> 1107 | K35: =F35-221 -> 992
A36: Safe Iron Blaster | B36: 1 | C36: =Package!C36 -> 100 | D36: =Package!D36 | F36: 188 | H36: =F36-C36 -> 88
A37: Safe Echo Forte | C37: =Package!C37 -> 0 | D37: =Package!D37 | F37: 745 | H37: =F37-C37 -> 745
A38: Safe Force | C38: =Package!C38 -> 0 | D38: =Package!D38 | F38: 505 | H38: =F38-C38 -> 505
A39: Safe Intense new | C39: =Package!C39 -> 0 | D39: =Package!D39 | F39: 1583 | H39: =F39-C39 -> 1583
A40: Safe Neutra Soft | B40: 1 | C40: =Package!C40 | D40: =Package!D40 | H40: =F40-C40 -> 0
A41: Safe Advance | C41: =Package!C41 | D41: =Package!D41 | H41: =F41-C41 -> 0
A42: Safe Echo | C42: =Package!C42 | D42: =Package!D42 | H42: =F42-C42 -> 0
A43: Safe breeze | C43: =Package!C43 | D43: =Package!D43 | F43: 1991 | H43: =F43-C43 -> 1991
A44: Safe All | C44: =Package!C44 | D44: =Package!D44 | H44: =F44-C44 -> 0
A45: Safe Starch | C45: =Package!C45 | D45: =Package!D45 | H45: =F45-C45 -> 0
A46: Touch Handbac | C46: =Package!C46 -> 0 | D46: =Package!D46 | F46: 2405 | H46: =F46-C46 -> 2405 | Q46: =F46-612 -> 1793
A47: Touch foam | B47: 1 | C47: =Package!C47 -> 588 | D47: =Package!D47 | F47: 3464 | H47: =F47-C47 -> 2876
A48: Touch Botanic Shampoo and Body 2x5 | C48: =Package!C48 -> 0 | D48: =Package!D48 | H48: =F48-C48 -> 0
A49: Touch Botanic Shampoo and Body 12x500 ml | C49: =Package!C49 -> 0 | D49: =Package!D49 | F49: 4482 | H49: =F49-C49 -> 4482
A50: Touch Botanic Hand & Face | C50: =Package!C50 -> 0 | D50: =Package!D50 | F50: 666 | H50: =F50-C50 -> 666
A51: Touch Peach | B51: 0.5 | C51: =Package!C51 -> 245 | D51: =Package!D51 | F51: 949 | H51: =F51-C51 -> 704
A52: Touch Adams | B52: 1 | C52: =Package!C52 | D52: =Package!D52 | F52: 3381 | H52: =F52-C52 -> 3381
A53: Touch Soft | C53: =Package!C53 -> 0 | D53: =Package!D53 | F53: 1946 | H53: =F53-C53 -> 1946
A54: Touch Botanic | C54: =Package!C54 -> 0 | D54: =Package!D54 | F54: 1761 | H54: =F54-C54 -> 1761 | U54: =F54-596 -> 1165
A55: Touch Alcodis | C55: =Package!C55 | D55: =Package!D55 | H55: =F55-C55 -> 0
A56: Touch lavander hand and face | C56: =Package!C56 | D56: =Package!D56 | F56: 1500 | H56: =F56-C56 -> 1500
A57: Touch lavender shampoo and body | C57: =Package!C57 | D57: =Package!D57 | F57: 1207 | H57: =F57-C57 -> 1207
A58: Touch pearl | C58: =Package!C58 | D58: =Package!D58 | H58: =F58-C58 -> 0
A59: Touch Foam Bac | C59: =Package!C59 | D59: =Package!D59 | H59: =F59-C59 -> 0
A60: Care Alco Gel 5 Liter | C60: =Package!C60 -> 0 | D60: =Package!D60 | F60: 2000 | H60: =F60-C60 -> 2000
A61: Care Alcodis 1 Liter | C61: =Package!C61 -> 0 | D61: =Package!D61 | F61: 3686 | H61: =F61-C61 -> 3686
A62: Care sani Gel 5 Liter | B62: 1 | C62: =Package!C62 -> 681 | D62: =Package!D62 | F62: 17 | H62: =F62-C62 -> -664
A63: Speed Toilet S1 | C63: =Package!C63 -> 0 | D63: =Package!D63 -> 0 | F63: 3677 | H63: =F63-C63 -> 3677 | O63: =F63-1523 -> 2154
A64: Speed Toilet S1 Conc | C64: =Package!C64 | D64: =Package!D64 | F64: 1447 | H64: =F64-C64 -> 1447 | U64: =F64-534 -> 913
A65: Speed Multi S2 | C65: =Package!C65 -> 0 | D65: =Package!D65 -> 0 | F65: 1349 | G65: 2037 | H65: =F65-C65 -> 1349
A66: Speed Multi S2 Conc | C66: =Package!C66 -> 0 | D66: =Package!D66 | F66: 952 | H66: =F66-C66 -> 952
A67: Speed Glass S3 | C67: =Package!C67 -> 0 | D67: =Package!D67 -> 0 | F67: 2548 | G67: 3110 | H67: =F67-C67 -> 2548 | Q67: =F67-1568 -> 980 | R67: =G67-1344 -> 1766
A68: Speed Glass S3 Conc | B68: 0.5 | C68: =Package!C68 -> 301.5 | D68: =Package!D68 | F68: 2000 | H68: =F68-C68 -> 1698.5 | L68: =F68-303 -> 1697 | U68: =L68-310 -> 1387
A69: Speed Furniture S4 | C69: =Package!C69 -> 0 | D69: =Package!D69 -> 0 | F69: 1671 | G69: 1920 | H69: =F69-C69 -> 1671 | U69: =F69-1564 -> 107 | V69: =G69-1338 -> 582
A70: Speed Fresh S5 | B70: 0.5 | C70: =Package!C70 -> 1554 | D70: =Package!D70 -> 1332 | F70: 5023 | G70: 5817 | H70: =F70-C70 -> 3469 | Q70: =F70-1565 -> 3458 | R70: =G70-1338 -> 4479
A71: Speed Fresh S5 Conc | B71: 0.5 | C71: =Package!C71 -> 297 | D71: =Package!D71 | F71: 1654 | H71: =F71-C71 -> 1357 | L71: =F71-591 -> 1063
A72: Speed Flush S6 | C72: =Package!C72 -> 0 | D72: =Package!D72 | F72: 2397 | H72: =F72-C72 -> 2397 | N72: =F72-1505 -> 892
A73: Speed Scouring S7 | B73: 0.5 | C73: =Package!C73 -> 1078 | D73: =Package!D73 | H73: =F73-C73 -> -1078
A74: Speed Ketle S8 | B74: 1 | C74: =Package!C74 -> 2800 | D74: =Package!D74 | F74: 2418 | H74: =F74-C74 -> -382
A75: Speed Hygenic breeze | C75: =Package!C75 -> 0 | D75: =Package!D75 | F75: 477 | H75: =F75-C75 -> 477
A76: way extract | B76: 2 | C76: =Package!C76 | D76: =Package!D76 | F76: 2505 | H76: =F76-C76 -> 2505
A77: way foam | B77: 0.5 | C77: =Package!C77 -> 270 | D77: =Package!D77 | F77: 1189 | H77: =F77-C77 -> 919 | J77: =F77-582 -> 607
A78: way lime | C78: =Package!C78 -> 0 | D78: =Package!D78 | F78: 1337 | H78: =F78-C78 -> 1337
A79: Way Force | B79: 1 | C79: =Package!C79 -> 582 | D79: =Package!D79 | F79: 720 | H79: =F79-C79 -> 138 | J79: =F79-282 -> 438
A80: way auto best | B80: 1 | C80: =Package!C80 | D80: =Package!D80 | F80: 1805 | H80: =F80-C80 -> 1805
A81: way best | C81: =Package!C81 | D81: =Package!D81 | F81: 2461 | H81: =F81-C81 -> 2461
A82: way strip | C82: =Package!C82 | D82: =Package!D82 | F82: 2483 | H82: =F82-C82 -> 2483
A83: way polish | C83: =Package!C83 -> 0 | D83: =Package!D83 | F83: 2199 | H83: =F83-C83 -> 2199
A84: Fabic NL 556 | C84: =Package!C84 -> 0 | D84: =Package!D84 | F84: 1412 | H84: =F84-C84 -> 1412 | I84: =F84-98 -> 1314 | M84: =F84-96 -> 1316
A85: Fabic CL 139T | B85: 1 | C85: =Package!C85 -> 80 | D85: =Package!D85 | F85: 1367 | H85: =F85-C85 -> 1287
A86: Fabic KL574F | B86: 3 | C86: =Package!C86 -> 249 | D86: =Package!D86 | F86: 2275 | H86: =F86-C86 -> 2026
A87: Speed Hygenic 1 Liter | F87: 696 | H87: =F87-C87 -> 696
